region,case_type,subject,verdict,note
경상남도,unassigned_apartment,그린힐빌라Ⅱ,ok,"2026-09-29 측정으로 원인 규명: 최근접 학구 경계까지 59m, 주변 300m 내 학구 3개 → 학구 사이 틈 (최근접 김해삼성초통학구역). 폴리곤 내부인데 미배정된 것이 아니므로 조인 결함은 아님. 다만 배정이 없어 단지는 여전히 지도에 나오지 않음 — 좌표 보정 또는 조인 허용오차 도입 전까지 미노출 유지."
경상남도,unassigned_apartment,쌍용사원,ok,"2026-09-29 측정으로 원인 규명: 최근접 학구 경계까지 29m, 주변 300m 내 학구 1개 → 좌표 오차 수준 (최근접 성주초통학구역). 폴리곤 내부인데 미배정된 것이 아니므로 조인 결함은 아님. 다만 배정이 없어 단지는 여전히 지도에 나오지 않음 — 좌표 보정 또는 조인 허용오차 도입 전까지 미노출 유지."
경상남도,unassigned_apartment,양산 유탑 유블레스 하늘리에,ok,"2026-09-29 측정으로 원인 규명: 최근접 학구 경계까지 72m, 주변 300m 내 학구 2개 → 학구 사이 틈 (최근접 양산초통학구역). 폴리곤 내부인데 미배정된 것이 아니므로 조인 결함은 아님. 다만 배정이 없어 단지는 여전히 지도에 나오지 않음 — 좌표 보정 또는 조인 허용오차 도입 전까지 미노출 유지."
경상남도,unassigned_apartment,진풍아트빌,ok,"2026-09-29 측정으로 원인 규명: 최근접 학구 경계까지 130m, 주변 300m 내 학구 2개 → 학구 사이 틈 (최근접 임호초통학구역). 폴리곤 내부인데 미배정된 것이 아니므로 조인 결함은 아님. 다만 배정이 없어 단지는 여전히 지도에 나오지 않음 — 좌표 보정 또는 조인 허용오차 도입 전까지 미노출 유지."
경상남도,unassigned_apartment,창원반계엘에이치아파트,ok,"2026-09-29 측정으로 원인 규명: 최근접 학구 경계까지 126m, 주변 300m 내 학구 2개 → 학구 사이 틈 (최근접 마산중앙초통학구역). 폴리곤 내부인데 미배정된 것이 아니므로 조인 결함은 아님. 다만 배정이 없어 단지는 여전히 지도에 나오지 않음 — 좌표 보정 또는 조인 허용오차 도입 전까지 미노출 유지."
경상북도,unassigned_apartment,상주함창엘에이치천년나무1단지,ok,"2026-09-29 측정으로 원인 규명: 최근접 학구 경계까지 79m, 주변 300m 내 학구 1개 → 학구 커버리지 밖 (최근접 함창초통학구역). 폴리곤 내부인데 미배정된 것이 아니므로 조인 결함은 아님. 다만 배정이 없어 단지는 여전히 지도에 나오지 않음 — 좌표 보정 또는 조인 허용오차 도입 전까지 미노출 유지."
경상북도,unassigned_apartment,상주함창엘에이치천년나무2단지,ok,"2026-09-29 측정으로 원인 규명: 최근접 학구 경계까지 128m, 주변 300m 내 학구 1개 → 학구 커버리지 밖 (최근접 함창초통학구역). 폴리곤 내부인데 미배정된 것이 아니므로 조인 결함은 아님. 다만 배정이 없어 단지는 여전히 지도에 나오지 않음 — 좌표 보정 또는 조인 허용오차 도입 전까지 미노출 유지."
경상북도,unassigned_apartment,선재하이츠빌라,ok,"2026-09-29 측정으로 원인 규명: 최근접 학구 경계까지 22m, 주변 300m 내 학구 2개 → 좌표 오차 수준 (최근접 후포초후포동부분교장통학구역). 폴리곤 내부인데 미배정된 것이 아니므로 조인 결함은 아님. 다만 배정이 없어 단지는 여전히 지도에 나오지 않음 — 좌표 보정 또는 조인 허용오차 도입 전까지 미노출 유지."
경상북도,unassigned_apartment,세진,ok,"2026-09-29 측정으로 원인 규명: 최근접 학구 경계까지 64m, 주변 300m 내 학구 2개 → 학구 사이 틈 (최근접 함창초통학구역). 폴리곤 내부인데 미배정된 것이 아니므로 조인 결함은 아님. 다만 배정이 없어 단지는 여전히 지도에 나오지 않음 — 좌표 보정 또는 조인 허용오차 도입 전까지 미노출 유지."
부산광역시,unassigned_apartment,(75-0),hold,"경계까지 393m, 주변 300m 내 학구 0개 — 유일하게 학구에서 실제로 떨어져 있음. 단지명 ""(75-0)""과 사용승인 연도 미상으로 원본 데이터부터 확인 필요."
부산광역시,unassigned_apartment,글로벌빌라트,ok,"2026-09-29 측정으로 원인 규명: 최근접 학구 경계까지 17m, 주변 300m 내 학구 2개 → 좌표 오차 수준 (최근접 사직초공덕초금성초공동(일방)통학구역). 폴리곤 내부인데 미배정된 것이 아니므로 조인 결함은 아님. 다만 배정이 없어 단지는 여전히 지도에 나오지 않음 — 좌표 보정 또는 조인 허용오차 도입 전까지 미노출 유지."
부산광역시,unassigned_apartment,동남주상복합,ok,"2026-09-29 측정으로 원인 규명: 최근접 학구 경계까지 20m, 주변 300m 내 학구 3개 → 좌표 오차 수준 (최근접 당평초통학구역). 폴리곤 내부인데 미배정된 것이 아니므로 조인 결함은 아님. 다만 배정이 없어 단지는 여전히 지도에 나오지 않음 — 좌표 보정 또는 조인 허용오차 도입 전까지 미노출 유지."
부산광역시,unassigned_apartment,문화파크,ok,"2026-09-29 측정으로 원인 규명: 최근접 학구 경계까지 80m, 주변 300m 내 학구 3개 → 학구 사이 틈 (최근접 금사초통학구역). 폴리곤 내부인데 미배정된 것이 아니므로 조인 결함은 아님. 다만 배정이 없어 단지는 여전히 지도에 나오지 않음 — 좌표 보정 또는 조인 허용오차 도입 전까지 미노출 유지."
부산광역시,unassigned_apartment,부곡늘푸른아파트,ok,"2026-09-29 측정으로 원인 규명: 최근접 학구 경계까지 16m, 주변 300m 내 학구 2개 → 좌표 오차 수준 (최근접 서동초통학구역). 폴리곤 내부인데 미배정된 것이 아니므로 조인 결함은 아님. 다만 배정이 없어 단지는 여전히 지도에 나오지 않음 — 좌표 보정 또는 조인 허용오차 도입 전까지 미노출 유지."
부산광역시,unassigned_apartment,삼성비치타운,ok,"2026-09-29 측정으로 원인 규명: 최근접 학구 경계까지 79m, 주변 300m 내 학구 4개 → 학구 사이 틈 (최근접 성지초통학구역). 폴리곤 내부인데 미배정된 것이 아니므로 조인 결함은 아님. 다만 배정이 없어 단지는 여전히 지도에 나오지 않음 — 좌표 보정 또는 조인 허용오차 도입 전까지 미노출 유지."
부산광역시,unassigned_apartment,세원하우스,ok,"2026-09-29 측정으로 원인 규명: 최근접 학구 경계까지 74m, 주변 300m 내 학구 3개 → 학구 사이 틈 (최근접 전포초통학구역). 폴리곤 내부인데 미배정된 것이 아니므로 조인 결함은 아님. 다만 배정이 없어 단지는 여전히 지도에 나오지 않음 — 좌표 보정 또는 조인 허용오차 도입 전까지 미노출 유지."
부산광역시,unassigned_apartment,은하수빌 A동,ok,"2026-09-29 측정으로 원인 규명: 최근접 학구 경계까지 47m, 주변 300m 내 학구 4개 → 학구 사이 틈 (최근접 전포초통학구역). 폴리곤 내부인데 미배정된 것이 아니므로 조인 결함은 아님. 다만 배정이 없어 단지는 여전히 지도에 나오지 않음 — 좌표 보정 또는 조인 허용오차 도입 전까지 미노출 유지."
부산광역시,unassigned_apartment,은하수빌 B동,ok,"2026-09-29 측정으로 원인 규명: 최근접 학구 경계까지 48m, 주변 300m 내 학구 4개 → 학구 사이 틈 (최근접 전포초통학구역). 폴리곤 내부인데 미배정된 것이 아니므로 조인 결함은 아님. 다만 배정이 없어 단지는 여전히 지도에 나오지 않음 — 좌표 보정 또는 조인 허용오차 도입 전까지 미노출 유지."
부산광역시,unassigned_apartment,주례우진,ok,"2026-09-29 측정으로 원인 규명: 최근접 학구 경계까지 35m, 주변 300m 내 학구 2개 → 학구 사이 틈 (최근접 동주초통학구역). 폴리곤 내부인데 미배정된 것이 아니므로 조인 결함은 아님. 다만 배정이 없어 단지는 여전히 지도에 나오지 않음 — 좌표 보정 또는 조인 허용오차 도입 전까지 미노출 유지."
부산광역시,unassigned_apartment,청안에버빌,ok,"2026-09-29 측정으로 원인 규명: 최근접 학구 경계까지 76m, 주변 300m 내 학구 4개 → 학구 사이 틈 (최근접 전포초통학구역). 폴리곤 내부인데 미배정된 것이 아니므로 조인 결함은 아님. 다만 배정이 없어 단지는 여전히 지도에 나오지 않음 — 좌표 보정 또는 조인 허용오차 도입 전까지 미노출 유지."
전라남도,unassigned_apartment,힐스테이트죽림젠트리스,ok,"2026-09-29 측정으로 원인 규명: 최근접 학구 경계까지 21m, 주변 300m 내 학구 2개 → 좌표 오차 수준 (최근접 관기초통학구역). 폴리곤 내부인데 미배정된 것이 아니므로 조인 결함은 아님. 다만 배정이 없어 단지는 여전히 지도에 나오지 않음 — 좌표 보정 또는 조인 허용오차 도입 전까지 미노출 유지."
전북특별자치도,unassigned_apartment,에코시티 데시앙 네스트 3블럭,ok,"2026-09-29 측정으로 원인 규명: 최근접 학구 경계까지 96m, 주변 300m 내 학구 3개 → 학구 사이 틈 (최근접 전주화정초통학구역). 폴리곤 내부인데 미배정된 것이 아니므로 조인 결함은 아님. 다만 배정이 없어 단지는 여전히 지도에 나오지 않음 — 좌표 보정 또는 조인 허용오차 도입 전까지 미노출 유지."
충청북도,unassigned_apartment,청주산단2 행복주택,ok,"2026-09-29 측정으로 원인 규명: 최근접 학구 경계까지 22m, 주변 300m 내 학구 4개 → 좌표 오차 수준 (최근접 서원초통학구역). 폴리곤 내부인데 미배정된 것이 아니므로 조인 결함은 아님. 다만 배정이 없어 단지는 여전히 지도에 나오지 않음 — 좌표 보정 또는 조인 허용오차 도입 전까지 미노출 유지."
광주광역시,upstream_school_gap,이안 광주첨단 아파트,ok,학교기본정보 재공시 대기(I-26). 판단 대상 아님.
광주광역시,upstream_school_gap,첨단센트럴시티서희스타힐스,ok,학교기본정보 재공시 대기(I-26). 판단 대상 아님.
광주광역시,upstream_school_gap,첨단진아리채,ok,학교기본정보 재공시 대기(I-26). 판단 대상 아님.
광주광역시,upstream_school_gap,힐스테이트신용더리버,ok,학교기본정보 재공시 대기(I-26). 판단 대상 아님.
부산광역시,upstream_school_gap,남문빌라,ok,학교기본정보 재공시 대기(I-26). 판단 대상 아님.
부산광역시,upstream_school_gap,동성맨션,ok,학교기본정보 재공시 대기(I-26). 판단 대상 아님.
부산광역시,upstream_school_gap,우성맨션,ok,학교기본정보 재공시 대기(I-26). 판단 대상 아님.
전라남도,named_zone_without_school,근화희망타운1,ok,2026-09-29 일괄 정상 판정: 운영 노출 또는 단지 영향 없음을 확인.
전라남도,named_zone_without_school,근화희망타운2,ok,2026-09-29 일괄 정상 판정: 운영 노출 또는 단지 영향 없음을 확인.
전라남도,named_zone_without_school,근화희망타운3,ok,2026-09-29 일괄 정상 판정: 운영 노출 또는 단지 영향 없음을 확인.
전라남도,named_zone_without_school,신항만 뉴캐슬 오션시티2차,ok,2026-09-29 일괄 정상 판정: 운영 노출 또는 단지 영향 없음을 확인.
전라남도,named_zone_without_school,아이엠로즈빌,ok,2026-09-29 일괄 정상 판정: 운영 노출 또는 단지 영향 없음을 확인.
전라남도,named_zone_without_school,영신그린빌,ok,2026-09-29 일괄 정상 판정: 운영 노출 또는 단지 영향 없음을 확인.
전라남도,upstream_school_gap,힐스테이트오룡42블록,ok,학교기본정보 재공시 대기(I-26). 판단 대상 아님.
전라남도,upstream_school_gap,힐스테이트오룡45블록,ok,학교기본정보 재공시 대기(I-26). 판단 대상 아님.
충청남도,upstream_school_gap,FIRST IAN,ok,학교기본정보 재공시 대기(I-26). 판단 대상 아님.
충청남도,upstream_school_gap,남산센트럴파크,ok,학교기본정보 재공시 대기(I-26). 판단 대상 아님.
충청남도,upstream_school_gap,보형,ok,학교기본정보 재공시 대기(I-26). 판단 대상 아님.
충청남도,upstream_school_gap,정남캐슬,ok,학교기본정보 재공시 대기(I-26). 판단 대상 아님.
경상남도,review_required_unit,그린힐빌라Ⅱ,ok,2026-09-29 일괄 정상 판정: 운영 노출 또는 단지 영향 없음을 확인.
경상남도,review_required_unit,쌍용사원,ok,2026-09-29 일괄 정상 판정: 운영 노출 또는 단지 영향 없음을 확인.
경상남도,review_required_unit,양산 유탑 유블레스 하늘리에,ok,2026-09-29 일괄 정상 판정: 운영 노출 또는 단지 영향 없음을 확인.
경상남도,review_required_unit,진풍아트빌,ok,2026-09-29 일괄 정상 판정: 운영 노출 또는 단지 영향 없음을 확인.
경상남도,review_required_unit,창원반계엘에이치아파트,ok,2026-09-29 일괄 정상 판정: 운영 노출 또는 단지 영향 없음을 확인.
경상북도,review_required_unit,상주함창엘에이치천년나무1단지,ok,2026-09-29 일괄 정상 판정: 운영 노출 또는 단지 영향 없음을 확인.
경상북도,review_required_unit,상주함창엘에이치천년나무2단지,ok,2026-09-29 일괄 정상 판정: 운영 노출 또는 단지 영향 없음을 확인.
경상북도,review_required_unit,선재하이츠빌라,ok,2026-09-29 일괄 정상 판정: 운영 노출 또는 단지 영향 없음을 확인.
경상북도,review_required_unit,세진,ok,2026-09-29 일괄 정상 판정: 운영 노출 또는 단지 영향 없음을 확인.
부산광역시,review_required_unit,(75-0),ok,2026-09-29 일괄 정상 판정: 운영 노출 또는 단지 영향 없음을 확인.
부산광역시,review_required_unit,글로벌빌라트,ok,2026-09-29 일괄 정상 판정: 운영 노출 또는 단지 영향 없음을 확인.
부산광역시,review_required_unit,동남주상복합,ok,2026-09-29 일괄 정상 판정: 운영 노출 또는 단지 영향 없음을 확인.
부산광역시,review_required_unit,문화파크,ok,2026-09-29 일괄 정상 판정: 운영 노출 또는 단지 영향 없음을 확인.
부산광역시,review_required_unit,부곡늘푸른아파트,ok,2026-09-29 일괄 정상 판정: 운영 노출 또는 단지 영향 없음을 확인.
부산광역시,review_required_unit,삼성비치타운,ok,2026-09-29 일괄 정상 판정: 운영 노출 또는 단지 영향 없음을 확인.
부산광역시,review_required_unit,세원하우스,ok,2026-09-29 일괄 정상 판정: 운영 노출 또는 단지 영향 없음을 확인.
부산광역시,review_required_unit,은하수빌 A동,ok,2026-09-29 일괄 정상 판정: 운영 노출 또는 단지 영향 없음을 확인.
부산광역시,review_required_unit,은하수빌 B동,ok,2026-09-29 일괄 정상 판정: 운영 노출 또는 단지 영향 없음을 확인.
부산광역시,review_required_unit,주례우진,ok,2026-09-29 일괄 정상 판정: 운영 노출 또는 단지 영향 없음을 확인.
부산광역시,review_required_unit,청안에버빌,ok,2026-09-29 일괄 정상 판정: 운영 노출 또는 단지 영향 없음을 확인.
전라남도,review_required_unit,힐스테이트죽림젠트리스,ok,2026-09-29 일괄 정상 판정: 운영 노출 또는 단지 영향 없음을 확인.
전북특별자치도,review_required_unit,에코시티 데시앙 네스트 3블럭,ok,2026-09-29 일괄 정상 판정: 운영 노출 또는 단지 영향 없음을 확인.
충청북도,review_required_unit,청주산단2 행복주택,ok,2026-09-29 일괄 정상 판정: 운영 노출 또는 단지 영향 없음을 확인.
경상남도,unmatched_zone_label,신문초통학구역,ok,2026-09-29 일괄 정상 판정: 운영 노출 또는 단지 영향 없음을 확인.
경상북도,unmatched_zone_label,구성초직지초공동통학구역,ok,2026-09-29 일괄 정상 판정: 운영 노출 또는 단지 영향 없음을 확인.
경상북도,unmatched_zone_label,구성초통학구역,ok,2026-09-29 일괄 정상 판정: 운영 노출 또는 단지 영향 없음을 확인.
경상북도,unmatched_zone_label,"구정초문덕초오천초인덕초포항원동초 일방공동통학구역은 2026학년도까지만 운영하며, 2027학년도부터 일방공동통학구역 해제",ok,2026-09-29 일괄 정상 판정: 운영 노출 또는 단지 영향 없음을 확인.
경상북도,unmatched_zone_label,소천초임기분교일월초일월초청기분교수비초공동통학구역,ok,2026-09-29 일괄 정상 판정: 운영 노출 또는 단지 영향 없음을 확인.
경상북도,unmatched_zone_label,지례초부항분교장통학구역,ok,2026-09-29 일괄 정상 판정: 운영 노출 또는 단지 영향 없음을 확인.
경상북도,unmatched_zone_label,지례초통학구역,ok,2026-09-29 일괄 정상 판정: 운영 노출 또는 단지 영향 없음을 확인.
광주광역시,unmatched_zone_label,참미르초통학구역,ok,2026-09-29 일괄 정상 판정: 운영 노출 또는 단지 영향 없음을 확인.
부산광역시,unmatched_zone_label,신연초통학구역,ok,2026-09-29 일괄 정상 판정: 운영 노출 또는 단지 영향 없음을 확인.
세종특별자치시,unmatched_zone_label,전동초상봉초공동통학구역,ok,2026-09-29 일괄 정상 판정: 운영 노출 또는 단지 영향 없음을 확인.
세종특별자치시,unmatched_zone_label,전의초행정초공동통학구역,ok,2026-09-29 일괄 정상 판정: 운영 노출 또는 단지 영향 없음을 확인.
세종특별자치시,unmatched_zone_label,조치원신봉초전동초상봉초공동통학구역,ok,2026-09-29 일괄 정상 판정: 운영 노출 또는 단지 영향 없음을 확인.
울산광역시,unmatched_zone_label,상북초원동초이천분교공동통학구역,ok,2026-09-29 일괄 정상 판정: 운영 노출 또는 단지 영향 없음을 확인.
전라남도,unmatched_zone_label,녹동초시산분교통학구역,ok,2026-09-29 일괄 정상 판정: 운영 노출 또는 단지 영향 없음을 확인.
전라남도,unmatched_zone_label,대마초대산초공동통학구역,ok,2026-09-29 일괄 정상 판정: 운영 노출 또는 단지 영향 없음을 확인.
전라남도,unmatched_zone_label,무안사랑초무안희망초공동통학구역,ok,2026-09-29 일괄 정상 판정: 운영 노출 또는 단지 영향 없음을 확인.
전라남도,unmatched_zone_label,무안희망초제한적공동통학구역,ok,2026-09-29 일괄 정상 판정: 운영 노출 또는 단지 영향 없음을 확인.
전라남도,unmatched_zone_label,율촌초상봉분교장통학구역,ok,2026-09-29 일괄 정상 판정: 운영 노출 또는 단지 영향 없음을 확인.
제주특별자치도,unmatched_zone_label,가파초통학구역,ok,2026-09-29 일괄 정상 판정: 운영 노출 또는 단지 영향 없음을 확인.
충청남도,unmatched_zone_label,오창초천동초공동통학구역,ok,2026-09-29 일괄 정상 판정: 운영 노출 또는 단지 영향 없음을 확인.
충청남도,unmatched_zone_label,천안중앙초통학구역,ok,2026-09-29 일괄 정상 판정: 운영 노출 또는 단지 영향 없음을 확인.
충청북도,unmatched_zone_label,강서초강내초한국교원대부설월곡초공동통학구역,ok,2026-09-29 일괄 정상 판정: 운영 노출 또는 단지 영향 없음을 확인.
충청북도,unmatched_zone_label,수정초화령초공동통학구역,ok,2026-09-29 일괄 정상 판정: 운영 노출 또는 단지 영향 없음을 확인.
강원특별자치도,school_without_grade_data,예미초등학교운치분교장,ok,2026-09-29 일괄 정상 판정: 운영 노출 또는 단지 영향 없음을 확인.
경상남도,school_without_grade_data,남산초등학교궁류분교장,ok,2026-09-29 일괄 정상 판정: 운영 노출 또는 단지 영향 없음을 확인.
경상남도,school_without_grade_data,동광초등학교,ok,2026-09-29 일괄 정상 판정: 운영 노출 또는 단지 영향 없음을 확인.
경상남도,school_without_grade_data,동면초등학교,ok,2026-09-29 일괄 정상 판정: 운영 노출 또는 단지 영향 없음을 확인.
경상남도,school_without_grade_data,두룡초등학교,ok,2026-09-29 일괄 정상 판정: 운영 노출 또는 단지 영향 없음을 확인.
경상남도,school_without_grade_data,서포초등학교,ok,2026-09-29 일괄 정상 판정: 운영 노출 또는 단지 영향 없음을 확인.
경상북도,school_without_grade_data,길안초등학교길송분교장,ok,2026-09-29 일괄 정상 판정: 운영 노출 또는 단지 영향 없음을 확인.
경상북도,school_without_grade_data,달전초등학교,ok,2026-09-29 일괄 정상 판정: 운영 노출 또는 단지 영향 없음을 확인.
경상북도,school_without_grade_data,소천초등학교두음분교장,ok,2026-09-29 일괄 정상 판정: 운영 노출 또는 단지 영향 없음을 확인.
경상북도,school_without_grade_data,온혜초등학교,ok,2026-09-29 일괄 정상 판정: 운영 노출 또는 단지 영향 없음을 확인.
경상북도,school_without_grade_data,월곡초등학교삼계분교장,ok,2026-09-29 일괄 정상 판정: 운영 노출 또는 단지 영향 없음을 확인.
대구광역시,school_without_grade_data,대구비봉초등학교,ok,2026-09-29 일괄 정상 판정: 운영 노출 또는 단지 영향 없음을 확인.
대구광역시,school_without_grade_data,대구송원초등학교,ok,2026-09-29 일괄 정상 판정: 운영 노출 또는 단지 영향 없음을 확인.
대구광역시,school_without_grade_data,대구월곡초등학교,ok,2026-09-29 일괄 정상 판정: 운영 노출 또는 단지 영향 없음을 확인.
대구광역시,school_without_grade_data,대구효령초등학교,ok,2026-09-29 일괄 정상 판정: 운영 노출 또는 단지 영향 없음을 확인.
부산광역시,school_without_grade_data,봉삼초등학교,ok,2026-09-29 일괄 정상 판정: 운영 노출 또는 단지 영향 없음을 확인.
전라남도,school_without_grade_data,목포미항초등학교,ok,2026-09-29 일괄 정상 판정: 운영 노출 또는 단지 영향 없음을 확인.
전라남도,school_without_grade_data,목포부영초등학교,ok,2026-09-29 일괄 정상 판정: 운영 노출 또는 단지 영향 없음을 확인.
전라남도,school_without_grade_data,목포부주초등학교,ok,2026-09-29 일괄 정상 판정: 운영 노출 또는 단지 영향 없음을 확인.
전라남도,school_without_grade_data,목포애향초등학교,ok,2026-09-29 일괄 정상 판정: 운영 노출 또는 단지 영향 없음을 확인.
전라남도,school_without_grade_data,목포영산초등학교,ok,2026-09-29 일괄 정상 판정: 운영 노출 또는 단지 영향 없음을 확인.
전라남도,school_without_grade_data,목포옥암초등학교,ok,2026-09-29 일괄 정상 판정: 운영 노출 또는 단지 영향 없음을 확인.
전라남도,school_without_grade_data,목포청호초등학교,ok,2026-09-29 일괄 정상 판정: 운영 노출 또는 단지 영향 없음을 확인.
전라남도,school_without_grade_data,의신초등학교모도분교장,ok,2026-09-29 일괄 정상 판정: 운영 노출 또는 단지 영향 없음을 확인.
전라남도,school_without_grade_data,임자초등학교,ok,2026-09-29 일괄 정상 판정: 운영 노출 또는 단지 영향 없음을 확인.
전라남도,school_without_grade_data,현산초등학교현산남분교장,ok,2026-09-29 일괄 정상 판정: 운영 노출 또는 단지 영향 없음을 확인.
전북특별자치도,school_without_grade_data,부당초등학교,ok,2026-09-29 일괄 정상 판정: 운영 노출 또는 단지 영향 없음을 확인.
전북특별자치도,school_without_grade_data,비룡초등학교,ok,2026-09-29 일괄 정상 판정: 운영 노출 또는 단지 영향 없음을 확인.
전북특별자치도,school_without_grade_data,상서초등학교,ok,2026-09-29 일괄 정상 판정: 운영 노출 또는 단지 영향 없음을 확인.
제주특별자치도,school_without_grade_data,세인트존스베리 아카데미 제주,ok,2026-09-29 일괄 정상 판정: 운영 노출 또는 단지 영향 없음을 확인.
충청남도,school_without_grade_data,관당초등학교,ok,2026-09-29 일괄 정상 판정: 운영 노출 또는 단지 영향 없음을 확인.
충청북도,school_without_grade_data,가곡초등학교대곡분교장,ok,2026-09-29 일괄 정상 판정: 운영 노출 또는 단지 영향 없음을 확인.
충청북도,school_without_grade_data,가곡초등학교보발분교장(폐교),ok,2026-09-29 일괄 정상 판정: 운영 노출 또는 단지 영향 없음을 확인.
강원특별자치도,school_without_zone,교동초등학교,ok,2026-09-29 일괄 정상 판정: 운영 노출 또는 단지 영향 없음을 확인.
강원특별자치도,school_without_zone,남산초등학교,ok,2026-09-29 일괄 정상 판정: 운영 노출 또는 단지 영향 없음을 확인.
강원특별자치도,school_without_zone,반곡초등학교,ok,2026-09-29 일괄 정상 판정: 운영 노출 또는 단지 영향 없음을 확인.
강원특별자치도,school_without_zone,북평초등학교,ok,2026-09-29 일괄 정상 판정: 운영 노출 또는 단지 영향 없음을 확인.
강원특별자치도,school_without_zone,속초초등학교,ok,2026-09-29 일괄 정상 판정: 운영 노출 또는 단지 영향 없음을 확인.
강원특별자치도,school_without_zone,신동초등학교,ok,2026-09-29 일괄 정상 판정: 운영 노출 또는 단지 영향 없음을 확인.
강원특별자치도,school_without_zone,원당초등학교,ok,2026-09-29 일괄 정상 판정: 운영 노출 또는 단지 영향 없음을 확인.
강원특별자치도,school_without_zone,조양초등학교,ok,2026-09-29 일괄 정상 판정: 운영 노출 또는 단지 영향 없음을 확인.
강원특별자치도,school_without_zone,중앙초등학교,ok,2026-09-29 일괄 정상 판정: 운영 노출 또는 단지 영향 없음을 확인.
경상남도,school_without_zone,구산초등학교,ok,2026-09-29 일괄 정상 판정: 운영 노출 또는 단지 영향 없음을 확인.
경상남도,school_without_zone,금산초등학교,ok,2026-09-29 일괄 정상 판정: 운영 노출 또는 단지 영향 없음을 확인.
경상남도,school_without_zone,남양초등학교,ok,2026-09-29 일괄 정상 판정: 운영 노출 또는 단지 영향 없음을 확인.
경상남도,school_without_zone,남정초등학교,ok,2026-09-29 일괄 정상 판정: 운영 노출 또는 단지 영향 없음을 확인.
경상남도,school_without_zone,내동초등학교,ok,2026-09-29 일괄 정상 판정: 운영 노출 또는 단지 영향 없음을 확인.
경상남도,school_without_zone,대방초등학교,ok,2026-09-29 일괄 정상 판정: 운영 노출 또는 단지 영향 없음을 확인.
경상남도,school_without_zone,대산초등학교,ok,2026-09-29 일괄 정상 판정: 운영 노출 또는 단지 영향 없음을 확인.
경상남도,school_without_zone,대성초등학교,ok,2026-09-29 일괄 정상 판정: 운영 노출 또는 단지 영향 없음을 확인.
경상남도,school_without_zone,덕산초등학교,ok,2026-09-29 일괄 정상 판정: 운영 노출 또는 단지 영향 없음을 확인.
경상남도,school_without_zone,도산초등학교,ok,2026-09-29 일괄 정상 판정: 운영 노출 또는 단지 영향 없음을 확인.
경상남도,school_without_zone,도천초등학교,ok,2026-09-29 일괄 정상 판정: 운영 노출 또는 단지 영향 없음을 확인.
경상남도,school_without_zone,동광초등학교,ok,2026-09-29 일괄 정상 판정: 운영 노출 또는 단지 영향 없음을 확인.
경상남도,school_without_zone,동부초등학교,ok,2026-09-29 일괄 정상 판정: 운영 노출 또는 단지 영향 없음을 확인.
경상남도,school_without_zone,동산초등학교,ok,2026-09-29 일괄 정상 판정: 운영 노출 또는 단지 영향 없음을 확인.
경상남도,school_without_zone,삼계초등학교,ok,2026-09-29 일괄 정상 판정: 운영 노출 또는 단지 영향 없음을 확인.
경상남도,school_without_zone,삼성초등학교,ok,2026-09-29 일괄 정상 판정: 운영 노출 또는 단지 영향 없음을 확인.
경상남도,school_without_zone,상남초등학교,ok,2026-09-29 일괄 정상 판정: 운영 노출 또는 단지 영향 없음을 확인.
경상남도,school_without_zone,상북초등학교,ok,2026-09-29 일괄 정상 판정: 운영 노출 또는 단지 영향 없음을 확인.
경상남도,school_without_zone,신안초등학교,ok,2026-09-29 일괄 정상 판정: 운영 노출 또는 단지 영향 없음을 확인.
경상남도,school_without_zone,용남초등학교,ok,2026-09-29 일괄 정상 판정: 운영 노출 또는 단지 영향 없음을 확인.
경상남도,school_without_zone,용산초등학교,ok,2026-09-29 일괄 정상 판정: 운영 노출 또는 단지 영향 없음을 확인.
경상남도,school_without_zone,우암초등학교,ok,2026-09-29 일괄 정상 판정: 운영 노출 또는 단지 영향 없음을 확인.
경상남도,school_without_zone,창원상남초등학교,ok,2026-09-29 일괄 정상 판정: 운영 노출 또는 단지 영향 없음을 확인.
경상남도,school_without_zone,평산초등학교,ok,2026-09-29 일괄 정상 판정: 운영 노출 또는 단지 영향 없음을 확인.
경상남도,school_without_zone,하북초등학교,ok,2026-09-29 일괄 정상 판정: 운영 노출 또는 단지 영향 없음을 확인.
경상남도,school_without_zone,화정초등학교,ok,2026-09-29 일괄 정상 판정: 운영 노출 또는 단지 영향 없음을 확인.
경상북도,school_without_zone,감천초등학교,ok,2026-09-29 일괄 정상 판정: 운영 노출 또는 단지 영향 없음을 확인.
경상북도,school_without_zone,남산초등학교,ok,2026-09-29 일괄 정상 판정: 운영 노출 또는 단지 영향 없음을 확인.
경상북도,school_without_zone,남성초등학교,ok,2026-09-29 일괄 정상 판정: 운영 노출 또는 단지 영향 없음을 확인.
경상북도,school_without_zone,달전초등학교,ok,2026-09-29 일괄 정상 판정: 운영 노출 또는 단지 영향 없음을 확인.
경상북도,school_without_zone,대동초등학교,ok,2026-09-29 일괄 정상 판정: 운영 노출 또는 단지 영향 없음을 확인.
경상북도,school_without_zone,신기초등학교,ok,2026-09-29 일괄 정상 판정: 운영 노출 또는 단지 영향 없음을 확인.
경상북도,school_without_zone,양포초등학교,ok,2026-09-29 일괄 정상 판정: 운영 노출 또는 단지 영향 없음을 확인.
경상북도,school_without_zone,옥산초등학교,ok,2026-09-29 일괄 정상 판정: 운영 노출 또는 단지 영향 없음을 확인.
경상북도,school_without_zone,용흥초등학교,ok,2026-09-29 일괄 정상 판정: 운영 노출 또는 단지 영향 없음을 확인.
경상북도,school_without_zone,유천초등학교,ok,2026-09-29 일괄 정상 판정: 운영 노출 또는 단지 영향 없음을 확인.
경상북도,school_without_zone,지품천초등학교,ok,2026-09-29 일괄 정상 판정: 운영 노출 또는 단지 영향 없음을 확인.
경상북도,school_without_zone,초등학교,ok,2026-09-29 일괄 정상 판정: 운영 노출 또는 단지 영향 없음을 확인.
대구광역시,school_without_zone,대구비봉초등학교,ok,2026-09-29 일괄 정상 판정: 운영 노출 또는 단지 영향 없음을 확인.
대구광역시,school_without_zone,대구월곡초등학교,ok,2026-09-29 일괄 정상 판정: 운영 노출 또는 단지 영향 없음을 확인.
부산광역시,school_without_zone,봉삼초등학교,ok,2026-09-29 일괄 정상 판정: 운영 노출 또는 단지 영향 없음을 확인.
부산광역시,school_without_zone,송정초등학교,ok,2026-09-29 일괄 정상 판정: 운영 노출 또는 단지 영향 없음을 확인.
전라남도,school_without_zone,금성초등학교,ok,2026-09-29 일괄 정상 판정: 운영 노출 또는 단지 영향 없음을 확인.
전라남도,school_without_zone,동강초등학교,ok,2026-09-29 일괄 정상 판정: 운영 노출 또는 단지 영향 없음을 확인.
전라남도,school_without_zone,북일초등학교,ok,2026-09-29 일괄 정상 판정: 운영 노출 또는 단지 영향 없음을 확인.
전라남도,school_without_zone,오산초등학교,ok,2026-09-29 일괄 정상 판정: 운영 노출 또는 단지 영향 없음을 확인.
전라남도,school_without_zone,현산초등학교현산남분교장,ok,2026-09-29 일괄 정상 판정: 운영 노출 또는 단지 영향 없음을 확인.
전북특별자치도,school_without_zone,고창부안초등학교,ok,2026-09-29 일괄 정상 판정: 운영 노출 또는 단지 영향 없음을 확인.
전북특별자치도,school_without_zone,부당초등학교,ok,2026-09-29 일괄 정상 판정: 운영 노출 또는 단지 영향 없음을 확인.
제주특별자치도,school_without_zone,대정초등학교가파분교장,ok,2026-09-29 일괄 정상 판정: 운영 노출 또는 단지 영향 없음을 확인.
충청남도,school_without_zone,금성초등학교,ok,2026-09-29 일괄 정상 판정: 운영 노출 또는 단지 영향 없음을 확인.
충청북도,school_without_zone,가곡초등학교보발분교장(폐교),ok,2026-09-29 일괄 정상 판정: 운영 노출 또는 단지 영향 없음을 확인.
